abbarre0.wav,4.62
abcafee0.wav,4.57
abcomme0.wav,1.24
abetty1.wav,1.66
abetty10.wav,1.81
abetty11.wav,1.63
abetty12.wav,1.66
abetty13.wav,1.61
abetty14.wav,1.78
abetty2.wav,2.58
abetty3.wav,2.71
abetty4.wav,2.10
abetty5.wav,2.23
abetty6.wav,2.03
abetty7.wav,1.49
abetty8.wav,2.44
abetty9.wav,2.65
abhange0.wav,1.83
abhange2.wav,0.20
abhqcpe0.wav,1.00
ablpade0.wav,1.32
ablplane0.wav,1.88
abshlde0.wav,2.41
absiloe0.wav,2.78
absolce1.wav,2.41
abtowee0.wav,0.60
abwpowe0.wav,1.20
amb_fwd.wav,1.91
amb_wind.wav,2.26
anchor.wav,0.14
apcann.wav,0.60
apmort.wav,1.00
aprock.wav,0.94
apspec.wav,1.58
armor_up.wav,1.29
arrowclk.wav,0.22
avapce0.wav,1.20
avapce1.wav,0.91
avapce2.wav,1.43
avapce5.wav,4.32
avapcv0.wav,1.24
avapcv2.wav,2.00
avapcv3.wav,0.93
avapcv4.wav,1.35
avapcv5.wav,1.09
avapcv6.wav,1.19
avapcv9.wav,1.82
avapcva.wav,1.29
avapcvb.wav,1.56
avapcve.wav,0.93
avapcvf.wav,1.64
avapcvg.wav,1.47
avapcvh.wav,1.18
avapcvj.wav,1.32
avartle0.wav,2.72
avartle1.wav,0.82
avartle4.wav,1.86
avartle6.wav,4.32
avartlv0.wav,0.97
avartlv3.wav,1.09
avartlv4.wav,1.06
avartlv5.wav,1.70
avartlv7.wav,1.31
avartlv8.wav,1.18
avartlv9.wav,1.28
avartlvb.wav,1.49
avartlvc.wav,1.00
avartlvd.wav,0.99
avartlve.wav,1.11
avartlvf.wav,1.46
avartlvg.wav,1.56
avartlvh.wav,1.12
avartlvj.wav,1.00
avartlvk.wav,1.46
avartlvm.wav,1.00
avartlvn.wav,1.25
avartlvp.wav,1.58
avcnste0.wav,1.91
avcnste1.wav,4.32
avconsv0.wav,1.16
avconsv1.wav,1.93
avconsv2.wav,0.93
avconsv3.wav,1.00
avconsv6.wav,1.36
avconsv7.wav,1.22
avconsv8.wav,1.19
avconsv9.wav,1.11
avconsva.wav,1.61
avconsvb.wav,1.29
avconsvd.wav,1.41
avfighe0.wav,2.28
avfighe3.wav,1.62
avfighv0.wav,1.70
avfighv2.wav,1.33
avfighv3.wav,1.98
avfighv4.wav,1.27
avfighv5.wav,1.29
avfighv6.wav,1.81
avfighv7.wav,1.21
avfighv8.wav,1.49
avfighv9.wav,1.24
avfighvd.wav,1.40
avfighve.wav,1.63
avfighvf.wav,1.31
avfighvg.wav,1.38
avfighvh.wav,1.71
avfighvj.wav,1.28
avfighvk.wav,1.48
avfighvm.wav,1.93
avhaule0.wav,1.72
avhaule3.wav,1.91
avhaule5.wav,4.32
avhaulv0.wav,1.27
avhaulv1.wav,1.11
avhaulv2.wav,1.55
avhaulv3.wav,1.13
avhaulv4.wav,1.55
avhaulv5.wav,1.82
avhaulv6.wav,1.84
avhaulva.wav,1.76
avhaulvb.wav,1.45
avhaulvc.wav,1.24
avhaulvd.wav,0.91
avhaulve.wav,1.24
avhaulvj.wav,1.16
avhraze0.wav,2.18
avhraze1.wav,0.42
avhraze2.wav,1.14
avhraze3.wav,1.37
avhrazv0.wav,1.04
avhrazv2.wav,1.12
avhrazv3.wav,1.11
avhrazv4.wav,1.13
avhrazv5.wav,1.00
avhrazv6.wav,2.12
avhrazv7.wav,1.07
avhrazv8.wav,1.38
avhrazv9.wav,1.10
avhrazva.wav,1.31
avhrazvd.wav,1.10
avhrazve.wav,1.72
avhrazvf.wav,1.47
avhrazvg.wav,1.02
avhrazvh.wav,1.11
avhrazvi.wav,1.26
avhrazvj.wav,1.29
avhrazvk.wav,1.56
avlande0.wav,3.25
avltnke0.wav,2.23
avltnke3.wav,1.58
avltnkv0.wav,1.12
avltnkv1.wav,1.12
avltnkv2.wav,1.12
avltnkv3.wav,1.12
avltnkv4.wav,1.12
avltnkv8.wav,1.35
avltnkv9.wav,1.05
avltnkva.wav,1.52
avltnkvb.wav,1.38
avltnkvc.wav,1.07
avltnkvd.wav,1.07
avltnkvf.wav,1.07
avltnkvg.wav,1.24
avltnkvh.wav,1.07
avltnkvk.wav,1.07
avltnkvm.wav,1.07
avltnkvr.wav,1.07
avminee0.wav,1.03
avminee3.wav,2.30
avminev0.wav,1.42
avminev2.wav,1.21
avminev3.wav,1.18
avminev4.wav,1.39
avminev5.wav,1.34
avminev6.wav,1.43
avminev9.wav,1.20
avmineva.wav,1.75
avminevb.wav,1.58
avminevc.wav,1.63
avminevd.wav,1.20
avmineve.wav,1.28
avminevf.wav,1.42
avminevg.wav,1.64
avmufe1.wav,2.18
avmufe2.wav,1.15
avmufe3.wav,2.15
avmufe4.wav,1.81
avmufe5.wav,0.78
avmufe6.wav,4.32
avmufv0.wav,1.50
avmufv1.wav,1.36
avmufv2.wav,1.20
avmufv3.wav,0.93
avmufv4.wav,0.92
avmufv5.wav,1.52
avmufv6.wav,1.24
avmufv9.wav,1.06
avmufva.wav,1.84
avmufvb.wav,1.20
avmufvc.wav,1.19
avmufvd.wav,1.06
avmufve.wav,1.19
avmufvf.wav,1.79
avmufvg.wav,1.17
avmufvh.wav,1.45
avrckte0.wav,2.09
avrckte1.wav,2.18
avrcktv0.wav,1.17
avrcktv1.wav,1.21
avrcktv2.wav,1.40
avrcktv3.wav,2.33
avrcktv4.wav,1.22
avrcktv8.wav,1.36
avrcktv9.wav,2.19
avrcktva.wav,1.41
avrcktvb.wav,0.85
avrcktvc.wav,1.61
avrcktvd.wav,1.09
avrcktvf.wav,1.04
avrcktvg.wav,1.34
avrcktvh.wav,0.97
avrcktvk.wav,1.00
avrcktvm.wav,1.34
avrcktvr.wav,1.41
avrecye2.wav,5.80
avrecye3.wav,2.58
avrecye5.wav,2.17
avrecye6.wav,1.91
avrecye7.wav,4.32
avrecye9.wav,1.90
avrecyv0.wav,1.32
avrecyv1.wav,1.07
avrecyv3.wav,1.44
avrecyv5.wav,1.35
avrecyv6.wav,1.11
avrecyv8.wav,1.62
avrecyv9.wav,1.27
avrecyva.wav,1.02
avrecyvb.wav,1.22
avrecyvc.wav,1.17
avrecyvd.wav,0.95
avrecyve.wav,1.19
avrecyvf.wav,1.34
avrecyvg.wav,0.96
avrecyvh.wav,1.60
avrecyvj.wav,1.72
avrecyvm.wav,1.82
avrecyvn.wav,1.57
avsave0.wav,1.98
avsave5.wav,2.14
avsave6.wav,2.14
avscav0.wav,1.31
avscav1.wav,0.86
avscav6.wav,0.89
avscav7.wav,1.27
avscava.wav,1.14
avscavb.wav,1.11
avscavc.wav,1.10
avscavd.wav,0.83
avscave3.wav,2.15
avscave6.wav,1.40
avscavf.wav,1.09
avscavh.wav,1.61
avscavi.wav,1.42
avscavj.wav,0.95
avscavk.wav,1.12
avscavl.wav,1.13
avscavm.wav,1.17
avscavn.wav,1.16
avslfe1.wav,1.10
avslfe3.wav,3.23
avslfe5.wav,2.30
avslfe6.wav,1.91
avslfe9.wav,4.32
avslfv0.wav,1.17
avslfv1.wav,1.06
avslfv2.wav,1.45
avslfv3.wav,1.40
avslfv4.wav,1.55
avslfv7.wav,0.93
avslfv8.wav,1.39
avslfv9.wav,1.45
avslfvb.wav,1.27
avslfvc.wav,1.26
avslfvd.wav,1.84
avslfve.wav,1.18
avslfvf.wav,1.55
avslfvg.wav,1.03
avslfvh.wav,1.41
avslfvj.wav,1.13
avslfvk.wav,1.19
avslfvn.wav,1.26
avslfvo.wav,1.16
avslfvp.wav,1.28
avtanke0.wav,2.18
avtanke3.wav,2.11
avtankv0.wav,1.58
avtankv1.wav,1.04
avtankv2.wav,1.64
avtankv3.wav,2.17
avtankv4.wav,1.16
avtankv6.wav,1.30
avtankv8.wav,1.24
avtankv9.wav,1.29
avtankva.wav,1.67
avtankvb.wav,1.29
avtankvc.wav,1.17
avtankvd.wav,1.85
avtankvj.wav,1.84
avtankvk.wav,1.75
avtankvm.wav,1.16
avtankvn.wav,1.29
avtankvp.wav,1.25
avturre4.wav,0.72
avturre5.wav,1.27
avturre6.wav,1.91
avturre8.wav,4.32
avturrv0.wav,1.07
avturrv1.wav,1.39
avturrv6.wav,1.43
avturrv8.wav,1.48
avturrv9.wav,1.63
avturrvb.wav,1.11
avturrvc.wav,1.40
avturrvd.wav,0.99
avturrve.wav,1.09
avturrvf.wav,1.05
avturrvg.wav,1.25
avturrvh.wav,1.38
avturrvj.wav,1.27
avwalke0.wav,0.77
avwalke1.wav,0.92
avwalke2.wav,0.92
avwalke3.wav,1.63
avwalkv0.wav,1.84
avwalkv2.wav,2.68
avwalkv3.wav,1.68
avwalkv4.wav,1.92
avwalkv5.wav,2.15
avwalkv6.wav,2.29
avwalkv7.wav,1.58
avwalkv8.wav,2.59
avwalkv9.wav,2.19
avwalkvd.wav,2.80
avwalkve.wav,2.73
avwalkvf.wav,2.68
avwalkvg.wav,1.78
avwalkvh.wav,1.40
avwalkvj.wav,2.10
avwalkvk.wav,1.99
avwalkvm.wav,2.75
a_turbo.wav,2.11
bail.wav,3.30
bd01001.wav,10.88
bd01002.wav,12.22
bd01003.wav,11.15
bd01004.wav,4.13
bd01005.wav,5.60
bd01006.wav,5.35
bd01007.wav,9.47
bd01008.wav,4.86
bd01009.wav,9.11
bd02001.wav,15.51
bd02002.wav,6.99
bd02003.wav,3.83
bd02004.wav,2.50
bd02005.wav,9.65
bd02006.wav,6.62
bd02007.wav,5.41
bd02008.wav,7.52
bd02009.wav,3.11
bd03001.wav,11.58
bd03002.wav,13.05
bd03003.wav,6.56
bd03004.wav,7.64
bd03005.wav,7.95
bd03006.wav,3.41
bd03007.wav,14.12
bd03008.wav,7.38
bd03009.wav,4.91
bd03010.wav,5.69
bd03011.wav,11.61
bd03012.wav,9.87
bd04001.wav,17.37
bd04002.wav,1.88
bd04003.wav,7.10
bd04004.wav,8.84
bd04005.wav,4.87
bd04006.wav,7.90
bd04007.wav,7.06
bd04008.wav,4.64
bd04009.wav,3.66
bd04010.wav,5.60
bd05001.wav,10.51
bd05002.wav,3.65
bd05003.wav,4.16
bd05004.wav,7.64
bd05005.wav,4.64
bd05006.wav,9.11
bd05007.wav,4.61
bd06001.wav,19.78
bd06002.wav,5.43
bd06003.wav,6.61
bd06004.wav,8.50
bd06005.wav,4.15
bd06006.wav,9.71
bd06007.wav,12.25
bd06008.wav,9.07
bd06009.wav,4.39
bd07001.wav,1.98
bd07002.wav,2.31
bd07003.wav,5.34
bd07004.wav,10.04
bd08001.wav,17.60
bd08002.wav,10.73
bd08003.wav,5.75
bd08004.wav,3.95
bd08005.wav,12.75
bd08006.wav,8.52
bd08007.wav,6.35
bd09001.wav,7.19
bd09002.wav,3.85
bd09003.wav,4.71
bd09004.wav,4.70
bd09005.wav,4.75
bd09006.wav,5.91
bd09007.wav,17.53
bd09008.wav,4.37
bd10001.wav,9.13
bd10002.wav,4.25
bd10003.wav,4.86
bd11001.wav,10.61
bd11002.wav,2.57
bd11003.wav,2.25
bd11004.wav,2.80
bd11005.wav,3.22
bd11006.wav,2.92
bd11007.wav,11.46
bd11008.wav,3.81
bd11009.wav,4.79
bd11010.wav,2.37
bd11011.wav,3.43
bd11012.wav,7.56
bd12001.wav,22.69
bd12002.wav,4.93
bd12003.wav,6.90
bd12004.wav,17.18
bd12005.wav,4.52
bd12006.wav,4.48
bd12007.wav,4.59
bd12008.wav,4.60
bd13001.wav,25.80
bd13002.wav,11.49
bd13003.wav,8.13
bd13004.wav,15.70
bd13005.wav,11.30
bd13006.wav,12.40
bd13007.wav,10.29
bd14001.wav,26.08
bd14002.wav,11.70
bd14003.wav,5.75
bd14004.wav,4.25
bd14005.wav,4.31
bd14006.wav,6.46
bd14007.wav,9.01
bd14008.wav,9.06
bd15001.wav,6.26
bd15002.wav,2.69
bd15003.wav,2.29
bd15004.wav,5.43
bd15005.wav,4.62
bd15006.wav,5.04
bd15007.wav,5.80
bd15008.wav,3.20
bd15009.wav,5.38
bd15010.wav,2.62
bd15011.wav,2.70
bd15012.wav,7.54
bd15013.wav,2.96
bounce.wav,0.38
bvrdeve0.wav,2.23
bvrdeve3.wav,1.58
bvrdevv0.wav,1.21
bvrdevv1.wav,1.01
bvrdevv2.wav,0.99
bvrdevv3.wav,1.21
bvrdevv4.wav,1.39
bvrdevv8.wav,1.47
bvrdevv9.wav,0.99
bvrdevva.wav,1.61
bvrdevvb.wav,1.42
bvrdevvc.wav,1.03
bvrdevvd.wav,1.05
bvrdevvf.wav,1.28
bvrdevvg.wav,1.13
bvrdevvh.wav,0.89
bvrdevvk.wav,1.14
bvrdevvm.wav,1.14
bvrdevvr.wav,1.07
b_eng.wav,2.09
b_turbo.wav,2.18
cammo.wav,0.13
cfigclk.wav,0.20
cfigon.wav,0.35
cgrowl.wav,0.30
ch01001.wav,25.83
ch01002.wav,6.16
ch01003.wav,13.85
ch01004.wav,2.40
ch01005.wav,4.18
ch01006.wav,9.84
ch01007.wav,12.79
ch01008.wav,26.68
ch01009.wav,2.45
ch01010.wav,4.10
ch01011.wav,8.33
ch02001.wav,10.38
ch02002.wav,2.36
ch02003.wav,28.66
ch02004.wav,15.13
ch02005.wav,16.30
ch02006.wav,4.97
ch02007.wav,19.61
ch02008.wav,4.54
ch03001.wav,14.35
ch03002.wav,4.03
ch03003.wav,4.32
ch03004.wav,4.68
ch03005.wav,4.53
ch03006.wav,6.89
ch03007.wav,13.26
ch03008.wav,10.15
ch03009.wav,5.51
ch04001.wav,17.87
ch04002.wav,5.87
ch04003.wav,2.41
ch04004.wav,5.03
ch04005.wav,6.59
ch04006.wav,7.53
ch04007.wav,3.65
ch04008.wav,7.42
ch05001.wav,6.57
ch05002.wav,12.69
ch05003.wav,5.27
ch05004.wav,16.60
ch05005.wav,7.80
ch05006.wav,10.96
ch05007.wav,4.14
ch05008.wav,12.51
ch06001.wav,19.71
ch06002.wav,11.60
ch06003.wav,29.57
ch06004.wav,6.15
ch06005.wav,7.41
ch06006.wav,10.73
ch06007.wav,11.67
ch07001.wav,23.18
ch07002.wav,29.52
ch07003.wav,29.59
ch07004.wav,5.06
ch07005.wav,4.75
ch07006.wav,4.16
ch07007.wav,12.33
ch07008.wav,10.24
ch07009.wav,3.88
ch08001.wav,17.95
ch08002.wav,17.44
ch08003.wav,18.80
ch08004.wav,7.79
ch08005.wav,9.36
ch08006.wav,6.83
ch08007.wav,4.52
ch08008.wav,7.11
ch08009.wav,11.72
cheekpuppet.wav,5.28
cloakoff.wav,2.13
cloakon.wav,1.91
cornrclk.wav,0.07
cornron.wav,0.18
cvapce0.wav,2.07
cvapce3.wav,2.14
cvapcv0.wav,1.70
cvapcv2.wav,1.50
cvapcv4.wav,1.08
cvapcv5.wav,1.90
cvapcv6.wav,1.36
cvapcv9.wav,1.54
cvapcva.wav,1.35
cvapcvf.wav,1.56
cvapcvg.wav,1.43
cvapcvh.wav,1.17
cvapcvs.wav,1.36
cvartle1.wav,0.50
cvartlv0.wav,1.13
cvartlv3.wav,1.15
cvartlv4.wav,1.12
cvartlv5.wav,1.37
cvartlv7.wav,1.08
cvartlv8.wav,1.32
cvartlvb.wav,1.09
cvartlvc.wav,1.26
cvartlve.wav,1.48
cvartlvf.wav,1.38
cvartlvg.wav,1.48
cvartlvh.wav,1.19
cvartlvj.wav,1.29
cvartlvk.wav,1.52
cvartlvm.wav,1.40
cvartlvn.wav,1.14
cvartlvp.wav,1.61
cvcnste0.wav,3.83
cvcnste1.wav,8.64
cvconsv0.wav,1.56
cvconsv1.wav,2.88
cvconsv2.wav,1.49
cvconsv3.wav,1.14
cvconsv6.wav,1.86
cvconsv7.wav,1.42
cvconsv8.wav,1.32
cvconsv9.wav,1.69
cvconsva.wav,2.20
cvconsvb.wav,1.72
cvconsvd.wav,1.41
cvdeploy.wav,2.54
cvfighe0.wav,1.92
cvfighe3.wav,1.93
cvfightvh.wav,1.23
cvfighv0.wav,1.12
cvfighv2.wav,1.54
cvfighv3.wav,1.27
cvfighv4.wav,1.81
cvfighv5.wav,1.54
cvfighv6.wav,1.43
cvfighv7.wav,1.96
cvfighv8.wav,2.41
cvfighvd.wav,1.19
cvfighvf.wav,1.58
cvfighvg.wav,1.28
cvfighvj.wav,1.52
cvfighvm.wav,2.07
cvhaule0.wav,1.72
cvhaule3.wav,1.91
cvhaule5.wav,4.32
cvhaulv0.wav,1.52
cvhaulv1.wav,1.56
cvhaulv2.wav,1.57
cvhaulv3.wav,1.24
cvhaulv4.wav,1.16
cvhaulv5.wav,1.72
cvhaulv6.wav,1.24
cvhaulva.wav,1.65
cvhaulvb.wav,1.93
cvhaulvc.wav,1.48
cvhaulvd.wav,1.20
cvhaulve.wav,1.20
cvhaulvj.wav,1.37
cvhraze1.wav,1.64
cvhraze3.wav,1.93
cvhrazv0.wav,1.76
cvhrazv2.wav,1.62
cvhrazv3.wav,1.66
cvhrazv4.wav,1.53
cvhrazv5.wav,1.28
cvhrazv6.wav,1.77
cvhrazv7.wav,1.56
cvhrazv8.wav,1.33
cvhrazv9.wav,1.12
cvhrazvd.wav,1.72
cvhrazvf.wav,1.63
cvhrazvg.wav,1.38
cvhrazvh.wav,1.28
cvhrazvi.wav,1.26
cvhrazvj.wav,1.27
cvhrazvk.wav,1.61
cvltnkv0.wav,1.31
cvltnkv1.wav,1.00
cvltnkv2.wav,1.11
cvltnkv3.wav,1.23
cvltnkv4.wav,0.97
cvltnkv8.wav,1.22
cvltnkv9.wav,0.92
cvltnkva.wav,1.52
cvltnkvb.wav,1.40
cvltnkvc.wav,1.19
cvltnkvd.wav,1.50
cvltnkvf.wav,1.07
cvltnkvg.wav,1.07
cvltnkvm.wav,1.21
cvminev0.wav,1.19
cvminev2.wav,1.69
cvminev3.wav,1.08
cvminev4.wav,1.08
cvminev5.wav,1.96
cvminev6.wav,1.59
cvminev9.wav,1.78
cvminevc.wav,1.37
cvminevd.wav,1.58
cvmineve.wav,1.29
cvminevf.wav,1.01
cvminevg.wav,1.36
cvmufe1.wav,2.18
cvmufe2.wav,1.15
cvmufe3.wav,2.15
cvmufe4.wav,1.81
cvmufe5.wav,0.78
cvmufe6.wav,4.32
cvmufv0.wav,1.70
cvmufv1.wav,1.61
cvmufv2.wav,1.89
cvmufv3.wav,1.47
cvmufv4.wav,1.38
cvmufv5.wav,2.39
cvmufv6.wav,1.45
cvmufva.wav,1.76
cvmufvb.wav,1.79
cvmufvc.wav,1.92
cvmufvd.wav,1.65
cvmufve.wav,1.44
cvmufvf.wav,0.97
cvmufvh.wav,2.00
cvrcktv0.wav,1.18
cvrcktv1.wav,1.42
cvrcktv2.wav,1.21
cvrcktv3.wav,1.38
cvrcktv4.wav,1.31
cvrcktv8.wav,1.49
cvrcktv9.wav,1.10
cvrcktva.wav,1.49
cvrcktvb.wav,1.61
cvrcktvc.wav,2.15
cvrcktvd.wav,1.36
cvrcktvf.wav,1.57
cvrcktvg.wav,1.59
cvrcktvk.wav,1.09
cvrcktvm.wav,1.25
cvrecye2.wav,5.80
cvrecye3.wav,2.58
cvrecye5.wav,2.17
cvrecye6.wav,1.91
cvrecye7.wav,4.32
cvrecye9.wav,1.90
cvrecyv0.wav,0.98
cvrecyv1.wav,1.11
cvrecyv3.wav,1.31
cvrecyv5.wav,1.04
cvrecyv6.wav,1.14
cvrecyv8.wav,0.99
cvrecyv9.wav,1.44
cvrecyvb.wav,1.28
cvrecyvc.wav,1.30
cvrecyvd.wav,1.05
cvrecyve.wav,1.01
cvrecyvf.wav,1.25
cvrecyvg.wav,1.08
cvrecyvm.wav,1.52
cvscav0.wav,1.23
cvscav1.wav,1.16
cvscav6.wav,1.18
cvscava.wav,1.24
cvscavb.wav,1.40
cvscavc.wav,1.41
cvscave3.wav,1.91
cvscave6.wav,1.85
cvscavj.wav,1.12
cvscavk.wav,1.56
cvscavm.wav,1.28
cvscavn.wav,1.80
cvslfv0.wav,1.50
cvslfv2.wav,1.45
cvslfv3.wav,1.51
cvslfv4.wav,1.37
cvslfv7.wav,1.35
cvslfv8.wav,1.74
cvslfvb.wav,1.60
cvslfvc.wav,1.59
cvslfvd.wav,2.27
cvslfve.wav,1.77
cvslfvf.wav,1.57
cvslfvg.wav,1.03
cvslfvh.wav,1.52
cvslfvk.wav,1.39
cvslfvn.wav,1.41
cvslfvo.wav,2.33
cvslfvp.wav,1.59
cvtanke0.wav,2.10
cvtanke3.wav,1.61
cvtankv0.wav,1.18
cvtankv1.wav,1.56
cvtankv2.wav,1.53
cvtankv3.wav,1.86
cvtankv4.wav,1.80
cvtankv8.wav,1.53
cvtankv9.wav,1.31
cvtankva.wav,1.52
cvtankvc.wav,1.42
cvtankvd.wav,1.43
cvtankvh.wav,1.67
cvtankvj.wav,1.63
cvtankvk.wav,1.27
cvtankvm.wav,1.33
cvtankvn.wav,1.23
cvtankvp.wav,1.33
cvtnke0.wav,1.90
cvtnke3.wav,1.88
cvtnkv0.wav,1.51
cvtnkv1.wav,1.11
cvtnkv2.wav,1.44
cvtnkv3.wav,1.30
cvtnkv4.wav,1.04
cvtnkv8.wav,1.63
cvtnkv9.wav,1.64
cvtnkva.wav,1.11
cvtnkvc.wav,1.13
cvtnkvd.wav,0.99
cvtnkvf.wav,1.61
cvtnkvg.wav,1.29
cvtnkvh.wav,1.19
cvturre6.wav,1.55
cvturre8.wav,2.00
cvturrv0.wav,1.21
cvturrv1.wav,1.09
cvturrv6.wav,1.60
cvturrv8.wav,1.14
cvturrvb.wav,1.30
cvturrvc.wav,1.40
cvturrvd.wav,0.84
cvturrve.wav,0.95
cvturrvf.wav,1.13
cvturrvg.wav,1.14
cvturrvh.wav,0.81
cvturrvj.wav,1.02
cvundepl.wav,2.50
cvwalkv0.wav,0.82
cvwalkv2.wav,2.22
cvwalkv3.wav,0.97
cvwalkv4.wav,1.12
cvwalkv5.wav,0.95
cvwalkv6.wav,1.22
cvwalkv7.wav,1.17
cvwalkv8.wav,1.33
cvwalkv9.wav,1.14
cvwalkvd.wav,1.50
cvwalkve.wav,1.54
cvwalkvf.wav,1.41
cvwalkvg.wav,1.63
cvwalkvh.wav,0.85
cvwalkvj.wav,1.35
cvwalkvk.wav,1.41
cvwalkvm.wav,1.32
death1.wav,0.44
death2.wav,0.44
death3.wav,1.23
death4.wav,0.58
death5.wav,0.97
emspin.wav,16.14
engfwd.wav,1.92
engrev.wav,1.75
engthrst.wav,0.52
fisty.wav,3.84
garcc00.wav,0.55
gatst00.wav,0.46
gatst03.wav,3.25
gatsu00.wav,0.50
gblas00.wav,1.19
gbmin00.wav,0.62
gbmin01.wav,3.00
gbolt00.wav,0.59
gcome00.wav,0.61
gdayw00.wav,0.43
gdumm00.wav,1.35
gflar00.wav,0.11
gflar01.wav,0.48
gflas00.wav,2.11
ghand00.wav,0.38
ghart00.wav,0.86
ghave00.wav,0.56
ghorn00.wav,2.25
ginci00.wav,0.77
gmagg00.wav,1.35
gmagg01.wav,0.52
gmagg02.wav,0.44
gmagg03.wav,0.70
gmagg04.wav,0.63
gmagg05.wav,0.82
gmagg06.wav,0.84
gmasg00.wav,0.63
gmcur00.wav,0.15
gmdmg00.wav,0.99
gmdmg02.wav,0.63
gmini00.wav,0.87
gmits00.wav,0.30
gmsov00.wav,0.70
gobje00.wav,0.58
gphan00.wav,2.04
gphan01.wav,2.96
gphan02.wav,2.04
gpopp00.wav,0.51
gprox00.wav,0.22
gquak00.wav,4.49
gquak01.wav,1.30
grave00.wav,12.80
gredf00.wav,2.04
gredf01.wav,2.96
gredf02.wav,2.04
grktb00.wav,1.23
gsand00.wav,0.41
gshad00.wav,0.44
gshad01.wav,1.00
gshad02.wav,1.75
gsite00.wav,1.96
gsite02.wav,2.00
gsnipe00.wav,0.80
gspli00.wav,0.46
gspli01.wav,0.38
gspli04.wav,1.43
gtagg00.wav,0.16
gtagg03.wav,0.44
gwasp00.wav,1.63
h45ch.wav,1.40
intro01.wav,40.33
intro02.wav,26.60
intro03.wav,25.36
intro04.wav,39.03
intro05.wav,27.95
intro06.wav,22.28
intro07.wav,56.21
intro08.wav,45.77
intro09.wav,27.04
intro10.wav,28.01
intro11.wav,18.24
intro12.wav,22.24
intro13.wav,20.18
intro14.wav,19.47
intro15.wav,36.53
jump.wav,0.29
land.wav,0.26
lburn1.wav,0.64
lburn2.wav,0.99
lhit.wav,0.59
locked.wav,0.51
locked1.wav,0.53
locked2.wav,0.51
locked3.wav,0.56
locking.wav,0.15
locking1.wav,0.09
locking2.wav,0.15
locking3.wav,0.27
lstart.wav,1.23
minss213.wav,6.66
misn0101.wav,20.26
misn0102.wav,3.08
misn0103.wav,2.04
misn0104.wav,8.03
misn0105.wav,1.64
misn0106.wav,3.47
misn0107.wav,11.13
misn0108.wav,2.17
misn0109.wav,3.33
misn0110.wav,9.79
misn0111.wav,8.93
misn0113.wav,2.61
misn0114.wav,4.66
misn0115.wav,5.75
misn0116.wav,9.64
misn0117.wav,12.76
misn0118.wav,7.58
misn0119.wav,22.59
misn0120.wav,8.28
misn0121.wav,1.99
misn0122.wav,6.84
misn0123.wav,4.98
misn0201.wav,8.05
misn0224.wav,8.60
misn0225.wav,7.44
misn0226.wav,4.21
misn0227.wav,6.49
misn0228.wav,5.54
misn0230.wav,53.55
misn0232.wav,8.05
misn0233.wav,6.25
misn0234.wav,11.18
misn0302.wav,5.02
misn0303.wav,5.42
misn0304.wav,9.43
misn0305.wav,12.31
misn0306.wav,9.60
misn0309.wav,3.94
misn0310.wav,4.18
misn0311.wav,18.90
misn0312.wav,16.94
misn0314.wav,6.00
misn0315.wav,5.03
misn0316.wav,16.27
misn0317.wav,7.70
misn0318.wav,13.72
misn0319.wav,14.30
misn0401.wav,56.24
misn0402.wav,2.96
misn0403.wav,5.89
misn0404.wav,2.96
misn0405.wav,3.82
misn0406.wav,13.76
misn0407.wav,4.16
misn0408.wav,8.97
misn0409.wav,16.03
misn0410.wav,2.31
misn0411.wav,7.28
misn0412.wav,4.14
misn0413.wav,4.19
misn0414.wav,3.03
misn0415.wav,3.84
misn0416.wav,11.41
misn0417.wav,14.93
misn0418.wav,3.98
misn0419.wav,4.14
misn0420.wav,3.91
misn0421.wav,1.87
misn0422.wav,9.88
misn0423.wav,5.84
misn0424.wav,2.80
misn0425.wav,3.87
misn0426.wav,53.48
misn0427.wav,6.23
misn0428.wav,7.52
misn0429.wav,5.82
misn0431.wav,6.52
misn0432.wav,1.24
misn0433.wav,6.40
misn0434.wav,2.19
misn0435.wav,24.57
misn0436.wav,12.61
misn0501.wav,21.40
misn0502.wav,3.40
misn0503.wav,4.12
misn0504.wav,4.84
misn0505.wav,3.26
misn0506.wav,10.24
misn0507.wav,4.75
misn0508.wav,5.45
misn0509.wav,4.33
misn0510.wav,6.49
misn0511.wav,3.39
misn0512.wav,2.80
misn0513.wav,7.22
misn0514.wav,7.01
misn0515.wav,8.57
misn0516.wav,3.89
misn0517.wav,5.91
misn0518.wav,60.28
misn0600.wav,29.72
misn0601.wav,27.14
misn0602.wav,10.55
misn0603.wav,10.39
misn0604.wav,5.46
misn0605.wav,11.17
misn0606.wav,1.71
misn0607.wav,7.67
misn0608.wav,7.93
misn0609.wav,4.84
misn0610.wav,6.70
misn0611.wav,3.68
misn0612.wav,6.10
misn0613.wav,7.58
misn0614.wav,4.98
misn0615.wav,8.27
misn0616.wav,0.74
misn0617.wav,1.38
misn0618.wav,1.98
misn0619.wav,0.59
misn0620.wav,15.98
misn0621.wav,1.33
misn0622.wav,3.88
misn0623.wav,1.36
misn0624.wav,3.52
misn0625.wav,2.37
misn0626.wav,14.98
misn0627.wav,4.21
misn0628.wav,18.56
misn0629.wav,3.10
misn0630.wav,7.41
misn0631.wav,2.94
misn0632.wav,7.47
misn0633.wav,5.38
misn0634.wav,6.33
misn0635.wav,5.42
misn0636.wav,9.23
misn0637.wav,7.81
misn0638.wav,5.25
misn0639.wav,1.71
misn0641.wav,3.96
misn0642.wav,8.66
misn0643.wav,4.93
misn0644.wav,7.09
misn0645.wav,7.74
misn0646.wav,4.70
misn0647.wav,13.39
misn0648.wav,6.88
misn0649.wav,4.32
misn0650.wav,7.96
misn0651.wav,9.00
misn0652.wav,0.63
misn0653.wav,2.36
misn0654.wav,5.03
misn0690.wav,3.49
misn0691.wav,4.28
misn0693.wav,3.49
misn0694.wav,8.99
misn0695.wav,4.42
misn0700.wav,27.16
misn0701.wav,13.17
misn0702.wav,9.69
misn0703.wav,9.25
misn0704.wav,9.17
misn0705.wav,2.15
misn0706.wav,1.58
misn0707.wav,4.70
misn0708.wav,1.56
misn0709.wav,2.87
misn0710.wav,3.32
misn0711.wav,5.75
misn0712.wav,3.90
misn0713.wav,5.57
misn0714.wav,16.52
misn0715.wav,3.12
misn0716.wav,8.49
misn0717.wav,10.14
misn0718.wav,9.11
misn0719.wav,10.76
misn0723.wav,43.47
misn0800.wav,18.05
misn0801.wav,7.83
misn0802.wav,13.44
misn0803.wav,3.52
misn0804.wav,2.64
misn0805.wav,6.27
misn0806.wav,3.29
misn0807.wav,7.67
misn0808.wav,4.63
misn0809.wav,4.68
misn0810.wav,7.53
misn0811.wav,3.15
misn0812.wav,3.03
misn0813.wav,2.31
misn0814.wav,5.70
misn0815.wav,5.03
misn0816.wav,3.80
misn0817.wav,10.15
misn0818.wav,15.71
misn0819.wav,18.15
misn0820.wav,20.72
misn0821.wav,7.16
misn0822.wav,12.81
misn0823.wav,7.42
misn0824.wav,9.11
misn0825.wav,7.53
misn0826.wav,4.89
misn0827.wav,16.95
misn0900.wav,42.09
misn0901.wav,9.86
misn0902.wav,3.94
misn0903.wav,11.58
misn0904.wav,5.40
misn0905.wav,18.98
misn0906.wav,5.21
misn0907.wav,5.33
misn0908.wav,3.08
misn0909.wav,7.07
misn0910.wav,12.74
misn0911.wav,4.31
misn0912.wav,24.24
misn0913.wav,18.54
misn0914.wav,17.08
misn0915.wav,5.93
misn0916.wav,11.81
misn0917.wav,4.56
misn0918.wav,10.48
misn0920.wav,39.94
misn1000.wav,22.84
misn1001.wav,9.86
misn1002.wav,8.53
misn1003.wav,4.91
misn1004.wav,7.05
misn1005.wav,4.75
misn1007.wav,40.59
misn1100.wav,12.07
misn1101.wav,17.96
misn1102.wav,1.64
misn1103.wav,4.45
misn1104.wav,3.96
misn1105.wav,7.70
misn1106.wav,10.14
misn1107.wav,6.44
misn1108.wav,6.65
misn1109.wav,10.18
misn1110.wav,4.93
misn1111.wav,2.64
misn1112.wav,8.23
misn1113.wav,10.18
misn1114.wav,12.11
misn1115.wav,4.49
misn1200.wav,47.31
misn1201.wav,2.57
misn1202.wav,2.50
misn1203.wav,2.62
misn1204.wav,5.19
misn1205.wav,4.82
misn1206.wav,4.08
misn1207.wav,4.91
misn1208.wav,4.79
misn1209.wav,4.59
misn1210.wav,6.35
misn1211.wav,7.86
misn1212.wav,0.32
misn1213.wav,3.73
misn1214.wav,6.51
misn1215.wav,5.26
misn1216.wav,4.35
misn1217.wav,8.63
misn1218.wav,3.42
misn1219.wav,3.52
misn1220.wav,3.89
misn1221.wav,9.44
misn1222.wav,18.47
misn1223.wav,3.99
misn1224.wav,7.91
misn1225.wav,7.98
misn1226.wav,4.35
misn1227.wav,26.84
misn1228.wav,2.42
misn1229.wav,0.37
misn1230.wav,0.84
misn1231.wav,4.15
misn1232.wav,28.20
misn1300.wav,21.75
misn1301.wav,19.91
misn1302.wav,7.40
misn1303.wav,5.82
misn1304.wav,5.03
misn1305.wav,38.17
misn1401.wav,16.71
misn1402.wav,4.42
misn1403.wav,6.93
misn1404.wav,7.20
misn1405.wav,5.17
misn1406.wav,11.55
misn1407.wav,15.31
misn1408.wav,4.31
misn1409.wav,3.94
misn1410.wav,4.28
misn1411.wav,5.65
misn1412.wav,2.71
misn1413.wav,8.02
misn1414.wav,4.14
misn1415.wav,3.33
misn1416.wav,6.16
misn1417.wav,7.21
misn1418.wav,6.44
misn1419.wav,7.33
misn1420.wav,4.68
misn1421.wav,11.37
misn1422.wav,28.96
misn1423.wav,5.49
misn1424.wav,3.63
misn1425.wav,6.42
misn1426.wav,6.84
misn1427.wav,5.82
misn1500.wav,30.35
misn1501.wav,10.14
misn1502.wav,11.02
misn1503.wav,3.01
misn1504.wav,2.36
misn1505.wav,4.03
misn1506.wav,7.92
misn1507.wav,8.60
misn1508.wav,8.19
misn1509.wav,10.11
misn1510.wav,4.33
misn1511.wav,4.59
misn1512.wav,5.50
misn1513.wav,4.08
misn1514.wav,7.93
misn1517.wav,4.86
misn1518.wav,1.99
misn1600.wav,43.65
misn1601.wav,16.61
misn1602.wav,5.98
misn1603.wav,6.05
misn1604.wav,3.91
misn1605.wav,5.49
misn1606.wav,3.15
misn1607.wav,3.26
misn1608.wav,5.12
misn1609.wav,2.40
misn1610.wav,4.40
misn1611.wav,3.89
misn1612.wav,10.67
misn1613.wav,1.66
misn1614.wav,3.50
misn1615.wav,12.20
misn1616.wav,4.24
misn1700.wav,33.16
misn1701.wav,25.44
misn1702.wav,5.38
misn1703.wav,2.96
misn1704.wav,5.24
misn1705.wav,4.17
misn1706.wav,3.24
misn1707.wav,3.84
misn1708.wav,4.56
misn1709.wav,6.16
misn1730.wav,4.52
misn1800.wav,21.36
misn1801.wav,39.67
misn1803.wav,2.24
misn1804.wav,6.91
misn1805.wav,6.19
misn1806.wav,5.17
misn1807.wav,5.03
misn1808.wav,6.68
misn1809.wav,4.54
misn1810.wav,5.00
misn1811.wav,5.79
misn1812.wav,5.89
misn1813.wav,3.12
misn1814.wav,4.08
misn1815.wav,3.63
misn1816.wav,4.17
misn1817.wav,6.47
misn1818.wav,3.29
misns101.wav,46.66
misns102.wav,4.35
misns103.wav,4.10
misns104.wav,5.72
misns105.wav,10.11
misns106.wav,8.05
misns107.wav,5.72
misns108.wav,7.09
misns109.wav,4.33
misns110.wav,13.57
misns111.wav,9.02
misns112.wav,4.91
misns113.wav,8.32
misns114.wav,7.77
misns115.wav,4.31
misns116.wav,3.52
misns117.wav,3.96
misns118.wav,4.68
misns119.wav,6.16
misns120.wav,4.98
misns121.wav,4.10
misns122.wav,7.35
misns123.wav,3.01
misns124.wav,8.88
misns125.wav,4.89
misns200.wav,14.36
misns201.wav,3.66
misns202.wav,4.73
misns203.wav,7.65
misns204.wav,11.44
misns205.wav,10.11
misns206.wav,5.79
misns207.wav,10.53
misns208.wav,7.33
misns209.wav,4.52
misns210.wav,4.79
misns211.wav,2.52
misns212.wav,7.19
misns213.wav,8.25
misns214.wav,6.98
misns215.wav,5.72
misns216.wav,3.80
misns217.wav,3.49
misns218.wav,3.17
misns219.wav,10.74
misns220.wav,13.06
misns301.wav,37.14
misns302.wav,7.98
misns303.wav,8.95
misns304.wav,7.44
misns305.wav,3.10
misns306.wav,11.90
misns307.wav,5.24
misns308.wav,4.47
misns309.wav,5.00
misns310.wav,10.51
misns311.wav,5.93
misns401.wav,20.79
misns402.wav,2.26
misns403.wav,9.76
misns404.wav,2.59
misns405.wav,5.31
misns406.wav,6.05
misns407.wav,7.12
misns408.wav,2.05
misns409.wav,6.14
misns501.wav,11.32
misns502.wav,11.25
misns503.wav,14.71
misns504.wav,6.77
misns505.wav,2.82
misns506.wav,10.92
misns507.wav,6.14
misns508.wav,10.07
misns601.wav,10.69
misns602.wav,1.78
misns603.wav,3.24
misns604.wav,4.28
misns605.wav,5.28
misns606.wav,3.38
misns607.wav,5.49
misns608.wav,4.59
misns609.wav,5.42
misns610.wav,3.19
misns611.wav,10.81
misns612.wav,11.39
misns613.wav,4.19
misns700.wav,35.00
misns701.wav,2.57
misns702.wav,2.58
misns703.wav,3.08
misns704.wav,3.40
misns705.wav,4.14
misns706.wav,4.26
misns707.wav,10.58
misns708.wav,30.43
misns709.wav,13.22
misns710.wav,5.10
misns711.wav,15.20
misns712.wav,11.37
misns713.wav,3.40
misns714.wav,15.50
misns715.wav,12.99
misns716.wav,9.95
misns717.wav,23.56
misns718.wav,24.23
misns719.wav,24.23
misns720.wav,5.56
misns721.wav,27.60
misns722.wav,4.38
misns723.wav,6.51
misns724.wav,25.09
misns725.wav,25.09
misns726.wav,2.96
misns727.wav,4.66
misns800.wav,37.95
misns801.wav,14.43
misns802.wav,13.18
misns803.wav,7.33
misns805.wav,9.18
misns806.wav,11.32
misns807.wav,7.98
misns808.wav,13.22
misns809.wav,1.47
misns810.wav,6.08
misns811.wav,8.30
misns812.wav,3.42
misns813.wav,3.24
misns814.wav,18.98
misns815.wav,11.53
misns816.wav,18.42
misns817.wav,3.30
misns818.wav,7.04
misns819.wav,6.79
mnu_back.wav,0.43
mnu_buzz.wav,0.24
mnu_click.wav,0.37
mnu_clik.wav,0.14
mnu_disa.wav,0.04
mnu_empt.wav,0.02
mnu_enab.wav,1.17
mnu_next.wav,0.41
mspin.wav,4.74
multiclk.wav,0.07
multion.wav,0.11
ordin_a.wav,0.70
ordin_b.wav,0.61
ordin_c.wav,0.70
ordin_d.wav,1.29
ordin_e.wav,0.70
pain1.wav,0.26
pain2.wav,0.49
pain3.wav,0.37
pain4.wav,0.30
pain5.wav,0.19
pain6.wav,0.30
ping.wav,0.30
pissed.wav,20.40
portal02.wav,1.26
portal03.wav,6.10
portalx.wav,2.16
pow_done.wav,2.87
repair.wav,0.79
rocket1i.wav,0.73
running.wav,0.27
running2.wav,0.21
r_exp3.wav,1.57
sbbarre0.wav,4.97
sbcafee0.wav,3.90
sbcomme0.wav,2.69
sbetty1.wav,1.53
sbetty10.wav,1.93
sbetty11.wav,2.46
sbetty12.wav,1.63
sbetty13.wav,1.76
sbetty14.wav,1.83
sbetty2.wav,2.18
sbetty3.wav,2.25
sbetty4.wav,1.88
sbetty5.wav,2.18
sbetty6.wav,2.02
sbetty7.wav,1.46
sbetty8.wav,1.74
sbetty9.wav,3.09
sbhange0.wav,2.92
sblpade0.wav,1.25
sbshlde0.wav,1.16
scrapdn.wav,0.16
scrapup.wav,0.20
select.wav,0.11
shmclick.wav,0.56
shmroll.wav,0.20
squish.wav,1.29
suck.wav,1.29
supply.wav,0.40
toggle.wav,0.20
tran0201.wav,15.22
tran0202.wav,12.13
tran0203.wav,6.97
tran0204.wav,12.13
tran0205.wav,13.87
tran0206.wav,6.68
tran0207.wav,5.19
tran0208.wav,9.18
tran0209.wav,3.71
tran0210.wav,4.26
tran0211.wav,3.31
tran0212.wav,3.24
tran0213.wav,8.54
tran0301.wav,21.62
tran0302.wav,7.70
tran0303.wav,15.94
tran0304.wav,15.45
tran0305.wav,5.35
tran0306.wav,17.52
tran0307.wav,5.75
tran0308.wav,11.02
tran0309.wav,3.84
tran0310.wav,6.93
tran0311.wav,2.38
tran0312.wav,3.59
tran0313.wav,4.33
tran0314.wav,3.40
tran0315.wav,2.66
tran0401.wav,11.71
tran0402.wav,8.09
tran0403.wav,2.08
tran0404.wav,8.42
tran0405.wav,7.53
tran0406.wav,3.49
tran0407.wav,6.49
tran0408.wav,14.76
tran0409.wav,3.74
tran0410.wav,2.44
tran0411.wav,4.30
tran0412.wav,4.78
tran0413.wav,7.06
tran0414.wav,3.76
tran0415.wav,3.60
tran0416.wav,3.30
tran0417.wav,1.86
tran0418.wav,2.74
tran0419.wav,2.00
tran0420.wav,8.29
tran0421.wav,3.20
tran0422.wav,2.53
tran0423.wav,2.82
tran0424.wav,1.95
tran0425.wav,2.25
trdeploy.wav,2.54
trundepl.wav,2.48
veh_done.wav,0.24
vnvco3.wav,0.33
vnvcs1.wav,1.53
vnvcs3.wav,2.76
vnvcs5.wav,1.81
vvbo1.wav,0.92
vvcbb3.wav,0.66
vvch2.wav,1.30
vvcre2.wav,0.81
vvcre3.wav,1.65
waring.wav,4.03
waspmsl.wav,0.73
wcbl.wav,0.58
wclick.wav,0.13
weapon.wav,0.79
whcan.wav,2.31
win.wav,0.84
wlcan.wav,1.13
wmflame.wav,2.11
wmgr1.wav,0.49
wmgr2.wav,0.50
wmiss.wav,0.27
wmmgun.wav,0.80
wrock.wav,1.74
xbuild.wav,1.60
xcar.wav,3.34
xemt1.wav,3.34
xemt2.wav,3.23
xfire1.wav,2.65
xms2.wav,2.18
xmv1.wav,2.37
xmv2.wav,2.31
xsv1.wav,1.42
xsv2.wav,1.18
